Employee Number,Name
[2],['b']
[5],['d']
[7],['e']
[8],['f']
[10],['g']
[11],['f']
[12],['h']
[13],['i']
[14],['j']
[15],['k']
[16],['l']
[18],['m']
[20],['o']
[21],['p']
[22],['q']
[23],[nan]
[24],[nan]
[26],[nan]
[28],[nan]
[30],[nan]
[31],[nan]
[32],[nan]
[35],[nan]
[36],[nan]
[38],[nan]
[39],[nan]
[40],[nan]
[41],[nan]
[42],[nan]
[46],[nan]
[49],[nan]
[51],[nan]
[52],[nan]
[53],[nan]
[54],[nan]
[56],[nan]
[57],[nan]
[60],[nan]
[61],[nan]
[62],[nan]
[63],[nan]
[68],[nan]
[70],[nan]
[72],[nan]
[73],[nan]
[74],[nan]
[75],[nan]
[76],[nan]
[77],[nan]
[78],[nan]
[79],[nan]
[80],[nan]
[81],[nan]
[83],[nan]
[84],[nan]
[85],[nan]
[86],[nan]
[88],[nan]
[91],[nan]
[94],[nan]
[95],[nan]
[96],[nan]
[97],[nan]
[98],[nan]
[100],[nan]
[101],[nan]
[102],[nan]
[103],[nan]
[104],[nan]
[105],[nan]
[106],[nan]
[107],[nan]
[110],[nan]
[112],[nan]
[113],[nan]
[116],[nan]
[117],[nan]
[118],[nan]
[119],[nan]
[120],[nan]
[121],[nan]
[124],[nan]
[125],[nan]
[126],[nan]
[128],[nan]
[129],[nan]
[131],[nan]
[132],[nan]
[134],[nan]
[138],[nan]
[139],[nan]
[140],[nan]
[141],[nan]
[143],[nan]
[144],[nan]
[145],[nan]
[148],[nan]
[150],[nan]
[151],[nan]
[152],[nan]
[153],[nan]
[154],[nan]
[155],[nan]
[158],[nan]
[159],[nan]
[160],[nan]
[162],[nan]
[163],[nan]
[164],[nan]
[169],[nan]
[170],[nan]
[171],[nan]
[174],[nan]
[175],[nan]
[176],[nan]
[177],[nan]
[178],[nan]
[179],[nan]
[182],[nan]
[183],[nan]
[184],[nan]
[192],[nan]
[193],[nan]
[194],[nan]
[195],[nan]
[197],[nan]
[198],[nan]
[199],[nan]
[200],[nan]
[201],[nan]
[202],[nan]
[204],[nan]
[205],[nan]
[206],[nan]
[207],[nan]
[208],[nan]
[211],[nan]
[214],[nan]
[215],[nan]
[216],[nan]
[217],[nan]
[218],[nan]
[221],[nan]
[223],[nan]
[224],[nan]
[226],[nan]
[227],[nan]
[228],[nan]
[230],[nan]
[231],[nan]
[233],[nan]
[238],[nan]
[239],[nan]
[240],[nan]
[241],[nan]
[242],[nan]
[244],[nan]
[245],[nan]
[246],[nan]
[247],[nan]
[249],[nan]
[250],[nan]
[252],[nan]
[253],[nan]
[254],[nan]
[256],[nan]
[258],[nan]
[259],[nan]
[260],[nan]
[262],[nan]
[264],[nan]
[267],[nan]
[269],[nan]
[270],[nan]
[271],[nan]
[273],[nan]
[274],[nan]
[275],[nan]
[277],[nan]
[281],[nan]
[282],[nan]
[284],[nan]
[286],[nan]
[287],[nan]
[288],[nan]
[291],[nan]
[292],[nan]
[293],[nan]
[296],[nan]
[298],[nan]
[300],[nan]
[302],[nan]
[303],[nan]
[304],[nan]
[305],[nan]
[306],[nan]
[307],[nan]
[308],[nan]
[309],[nan]
[311],[nan]
[312],[nan]
[314],[nan]
[316],[nan]
[319],[nan]
[321],[nan]
[323],[nan]
[327],[nan]
[329],[nan]
[330],[nan]
[332],[nan]
[333],[nan]
[334],[nan]
[335],[nan]
[336],[nan]
[337],[nan]
[338],[nan]
[339],[nan]
[340],[nan]
[341],[nan]
[342],[nan]
[343],[nan]
[346],[nan]
[347],[nan]
[349],[nan]
[350],[nan]
[351],[nan]
[352],[nan]
[353],[nan]
[359],[nan]
[361],[nan]
[362],[nan]
[363],[nan]
[366],[nan]
[367],[nan]
[369],[nan]
[372],[nan]
[373],[nan]
[374],[nan]
[376],[nan]
[377],[nan]
[378],[nan]
[379],[nan]
[380],[nan]
[381],[nan]
[382],[nan]
[384],[nan]
[385],[nan]
[386],[nan]
[387],[nan]
[388],[nan]
[389],[nan]
[390],[nan]
[391],[nan]
[392],[nan]
[393],[nan]
[394],[nan]
[395],[nan]
[396],[nan]
[397],[nan]
[399],[nan]
[401],[nan]
[403],[nan]
[404],[nan]
[406],[nan]
[407],[nan]
[408],[nan]
[410],[nan]
[411],[nan]
[412],[nan]
[416],[nan]
[417],[nan]
[419],[nan]
[420],[nan]
[421],[nan]
[422],[nan]
[423],[nan]
[424],[nan]
[425],[nan]
[426],[nan]
[428],[nan]
[429],[nan]
[430],[nan]
[431],[nan]
[433],[nan]
[434],[nan]
[436],[nan]
[437],[nan]
[438],[nan]
[439],[nan]
[441],[nan]
[442],[nan]
[444],[nan]
[445],[nan]
[446],[nan]
[447],[nan]
[448],[nan]
[449],[nan]
[450],[nan]
[451],[nan]
[452],[nan]
[453],[nan]
[455],[nan]
[456],[nan]
[458],[nan]
[460],[nan]
[461],[nan]
[462],[nan]
[463],[nan]
[464],[nan]
[465],[nan]
[466],[nan]
[467],[nan]
[468],[nan]
[469],[nan]
[470],[nan]
[471],[nan]
[473],[nan]
[474],[nan]
[475],[nan]
[476],[nan]
[477],[nan]
[479],[nan]
[481],[nan]
[482],[nan]
[483],[nan]
[484],[nan]
[486],[nan]
[487],[nan]
[488],[nan]
[491],[nan]
[492],[nan]
[493],[nan]
[495],[nan]
[496],[nan]
[497],[nan]
[498],[nan]
[499],[nan]
[500],[nan]
[501],[nan]
[505],[nan]
[507],[nan]
[508],[nan]
[510],[nan]
[511],[nan]
[513],[nan]
[515],[nan]
[516],[nan]
[517],[nan]
[518],[nan]
[520],[nan]
[521],[nan]
[522],[nan]
[523],[nan]
[524],[nan]
[525],[nan]
[526],[nan]
[527],[nan]
[529],[nan]
[530],[nan]
[531],[nan]
[532],[nan]
[533],[nan]
[534],[nan]
[536],[nan]
[538],[nan]
[543],[nan]
[544],[nan]
[546],[nan]
[547],[nan]
[548],[nan]
[549],[nan]
[550],[nan]
[551],[nan]
[556],[nan]
[558],[nan]
[560],[nan]
[562],[nan]
[564],[nan]
[567],[nan]
[568],[nan]
[569],[nan]
[571],[nan]
[573],[nan]
[574],[nan]
[575],[nan]
[577],[nan]
[578],[nan]
[579],[nan]
[580],[nan]
[581],[nan]
[582],[nan]
[584],[nan]
[585],[nan]
[586],[nan]
[591],[nan]
[592],[nan]
[595],[nan]
[597],[nan]
[599],[nan]
[600],[nan]
[601],[nan]
[602],[nan]
[604],[nan]
[605],[nan]
[606],[nan]
[611],[nan]
[612],[nan]
[613],[nan]
[615],[nan]
[616],[nan]
[618],[nan]
[620],[nan]
[621],[nan]
[623],[nan]
[624],[nan]
[625],[nan]
[626],[nan]
[630],[nan]
[631],[nan]
[632],[nan]
[634],[nan]
[635],[nan]
[638],[nan]
[639],[nan]
[641],[nan]
[643],[nan]
[644],[nan]
[645],[nan]
[647],[nan]
[649],[nan]
[650],[nan]
[652],[nan]
[653],[nan]
[655],[nan]
[656],[nan]
[657],[nan]
[659],[nan]
[661],[nan]
[662],[nan]
[663],[nan]
[664],[nan]
[665],[nan]
[666],[nan]
[667],[nan]
[669],[nan]
[671],[nan]
[675],[nan]
[677],[nan]
[679],[nan]
[680],[nan]
[682],[nan]
[683],[nan]
[686],[nan]
[689],[nan]
[690],[nan]
[691],[nan]
[692],[nan]
[698],[nan]
[699],[nan]
[700],[nan]
[704],[nan]
[705],[nan]
[707],[nan]
[709],[nan]
[710],[nan]
[712],[nan]
[714],[nan]
[715],[nan]
[716],[nan]
[717],[nan]
[721],[nan]
[722],[nan]
[723],[nan]
[724],[nan]
[725],[nan]
[727],[nan]
[728],[nan]
[729],[nan]
[730],[nan]
[731],[nan]
[732],[nan]
[733],[nan]
[734],[nan]
[738],[nan]
[742],[nan]
[743],[nan]
[744],[nan]
[746],[nan]
[747],[nan]
[749],[nan]
[752],[nan]
[754],[nan]
[757],[nan]
[758],[nan]
[760],[nan]
[762],[nan]
[763],[nan]
[764],[nan]
[766],[nan]
[769],[nan]
[771],[nan]
[772],[nan]
[773],[nan]
[775],[nan]
[776],[nan]
[780],[nan]
[781],[nan]
[783],[nan]
[784],[nan]
[785],[nan]
[786],[nan]
[789],[nan]
[791],[nan]
[792],[nan]
[793],[nan]
[796],[nan]
[797],[nan]
[799],[nan]
[800],[nan]
[802],[nan]
[804],[nan]
[805],[nan]
[806],[nan]
[807],[nan]
[808],[nan]
[809],[nan]
[812],[nan]
[813],[nan]
[815],[nan]
[817],[nan]
[820],[nan]
[823],[nan]
[824],[nan]
[826],[nan]
[827],[nan]
[828],[nan]
[829],[nan]
[830],[nan]
[832],[nan]
[833],[nan]
[834],[nan]
[836],[nan]
[837],[nan]
[838],[nan]
[840],[nan]
[842],[nan]
[843],[nan]
[844],[nan]
[845],[nan]
[846],[nan]
[847],[nan]
[850],[nan]
[851],[nan]
[852],[nan]
[855],[nan]
[856],[nan]
[857],[nan]
[859],[nan]
[861],[nan]
[862],[nan]
[864],[nan]
[865],[nan]
[867],[nan]
[868],[nan]
[869],[nan]
[872],[nan]
[874],[nan]
[875],[nan]
[878],[nan]
[879],[nan]
[880],[nan]
[882],[nan]
[885],[nan]
[887],[nan]
[888],[nan]
[889],[nan]
[893],[nan]
[894],[nan]
[895],[nan]
[897],[nan]
[899],[nan]
[900],[nan]
[901],[nan]
[902],[nan]
[903],[nan]
[904],[nan]
[905],[nan]
[909],[nan]
[910],[nan]
[912],[nan]
[913],[nan]
[916],[nan]
[920],[nan]
[922],[nan]
[923],[nan]
[924],[nan]
[925],[nan]
[926],[nan]
[927],[nan]
[930],[nan]
[933],[nan]
[934],[nan]
[936],[nan]
[939],[nan]
[940],[nan]
[941],[nan]
[942],[nan]
[944],[nan]
[945],[nan]
[947],[nan]
[949],[nan]
[950],[nan]
[951],[nan]
[954],[nan]
[956],[nan]
[957],[nan]
[958],[nan]
[961],[nan]
[964],[nan]
[966],[nan]
[967],[nan]
[969],[nan]
[972],[nan]
[974],[nan]
[975],[nan]
[976],[nan]
[977],[nan]
[981],[nan]
[982],[nan]
[983],[nan]
[984],[nan]
[985],[nan]
[987],[nan]
[990],[nan]
[992],[nan]
[995],[nan]
[996],[nan]
[997],[nan]
[998],[nan]
[999],[nan]
[1001],[nan]
[1002],[nan]
[1003],[nan]
[1005],[nan]
[1006],[nan]
[1007],[nan]
[1009],[nan]
[1010],[nan]
[1011],[nan]
[1013],[nan]
[1014],[nan]
[1015],[nan]
[1017],[nan]
[1018],[nan]
[1019],[nan]
[1022],[nan]
[1024],[nan]
[1025],[nan]
[1026],[nan]
[1027],[nan]
[1028],[nan]
[1029],[nan]
[1030],[nan]
[1032],[nan]
[1034],[nan]
[1035],[nan]
[1036],[nan]
[1039],[nan]
[1040],[nan]
[1043],[nan]
[1044],[nan]
[1045],[nan]
[1046],[nan]
[1047],[nan]
[1048],[nan]
[1049],[nan]
[1050],[nan]
[1052],[nan]
[1055],[nan]
[1056],[nan]
[1060],[nan]
[1061],[nan]
[1062],[nan]
[1066],[nan]
[1068],[nan]
[1069],[nan]
[1070],[nan]
[1071],[nan]
[1073],[nan]
[1074],[nan]
[1076],[nan]
[1080],[nan]
[1082],[nan]
[1083],[nan]
[1084],[nan]
[1085],[nan]
[1088],[nan]
[1092],[nan]
[1094],[nan]
[1096],[nan]
[1097],[nan]
[1098],[nan]
[1099],[nan]
[1101],[nan]
[1102],[nan]
[1103],[nan]
[1105],[nan]
[1106],[nan]
[1109],[nan]
[1113],[nan]
[1114],[nan]
[1115],[nan]
[1116],[nan]
[1117],[nan]
[1118],[nan]
[1119],[nan]
[1120],[nan]
[1121],[nan]
[1124],[nan]
[1125],[nan]
[1126],[nan]
[1127],[nan]
[1128],[nan]
[1132],[nan]
[1133],[nan]
[1135],[nan]
[1136],[nan]
[1137],[nan]
[1138],[nan]
[1140],[nan]
[1143],[nan]
[1148],[nan]
[1150],[nan]
[1152],[nan]
[1154],[nan]
[1158],[nan]
[1160],[nan]
[1161],[nan]
[1162],[nan]
[1163],[nan]
[1164],[nan]
[1166],[nan]
[1171],[nan]
[1172],[nan]
[1173],[nan]
[1177],[nan]
[1179],[nan]
[1180],[nan]
[1182],[nan]
[1184],[nan]
[1185],[nan]
[1190],[nan]
[1191],[nan]
[1192],[nan]
[1195],[nan]
[1196],[nan]
[1198],[nan]
[1200],[nan]
[1201],[nan]
[1204],[nan]
[1206],[nan]
[1207],[nan]
[1211],[nan]
[1212],[nan]
[1215],[nan]
[1216],[nan]
[1217],[nan]
[1218],[nan]
[1220],[nan]
[1221],[nan]
[1224],[nan]
[1225],[nan]
[1226],[nan]
[1228],[nan]
[1231],[nan]
[1233],[nan]
[1234],[nan]
[1235],[nan]
[1237],[nan]
[1238],[nan]
[1239],[nan]
[1240],[nan]
[1241],[nan]
[1242],[nan]
[1243],[nan]
[1244],[nan]
[1245],[nan]
[1246],[nan]
[1249],[nan]
[1250],[nan]
[1251],[nan]
[1252],[nan]
[1254],[nan]
[1255],[nan]
[1256],[nan]
[1257],[nan]
[1258],[nan]
[1259],[nan]
[1260],[nan]
[1263],[nan]
[1264],[nan]
[1265],[nan]
[1267],[nan]
[1268],[nan]
[1270],[nan]
[1275],[nan]
[1278],[nan]
[1280],[nan]
[1281],[nan]
[1282],[nan]
[1283],[nan]
[1285],[nan]
[1288],[nan]
[1289],[nan]
[1291],[nan]
[1292],[nan]
[1293],[nan]
[1294],[nan]
[1295],[nan]
[1296],[nan]
[1297],[nan]
[1298],[nan]
[1299],[nan]
[1301],[nan]
[1303],[nan]
[1304],[nan]
[1306],[nan]
[1307],[nan]
[1308],[nan]
[1309],[nan]
[1310],[nan]
[1311],[nan]
[1312],[nan]
[1314],[nan]
[1315],[nan]
[1317],[nan]
[1321],[nan]
[1322],[nan]
[1324],[nan]
[1329],[nan]
[1333],[nan]
[1334],[nan]
[1336],[nan]
[1338],[nan]
[1340],[nan]
[1344],[nan]
[1346],[nan]
[1349],[nan]
[1350],[nan]
[1352],[nan]
[1355],[nan]
[1356],[nan]
[1358],[nan]
[1360],[nan]
[1361],[nan]
[1362],[nan]
[1363],[nan]
[1364],[nan]
[1367],[nan]
[1368],[nan]
[1369],[nan]
[1371],[nan]
[1373],[nan]
[1374],[nan]
[1375],[nan]
[1377],[nan]
[1380],[nan]
[1382],[nan]
[1383],[nan]
[1387],[nan]
[1389],[nan]
[1390],[nan]
[1391],[nan]
[1392],[nan]
[1394],[nan]
[1395],[nan]
[1396],[nan]
[1397],[nan]
[1399],[nan]
[1401],[nan]
[1402],[nan]
[1403],[nan]
[1407],[nan]
[1408],[nan]
[1409],[nan]
[1411],[nan]
[1412],[nan]
[1415],[nan]
[1417],[nan]
[1419],[nan]
[1420],[nan]
[1422],[nan]
[1423],[nan]
[1424],[nan]
[1425],[nan]
[1428],[nan]
[1430],[nan]
[1431],[nan]
[1434],[nan]
[1435],[nan]
[1436],[nan]
[1438],[nan]
[1439],[nan]
[1440],[nan]
[1441],[nan]
[1443],[nan]
[1445],[nan]
[1446],[nan]
[1447],[nan]
[1448],[nan]
[1449],[nan]
[1453],[nan]
[1457],[nan]
[1459],[nan]
[1460],[nan]
[1461],[nan]
[1465],[nan]
[1466],[nan]
[1467],[nan]
[1468],[nan]
[1469],[nan]
[1471],[nan]
[1472],[nan]
[1473],[nan]
[1474],[nan]
[1475],[nan]
[1477],[nan]
[1478],[nan]
[1479],[nan]
[1480],[nan]
[1481],[nan]
[1482],[nan]
[1483],[nan]
[1484],[nan]
[1485],[nan]
[1489],[nan]
[1492],[nan]
[1495],[nan]
[1496],[nan]
[1497],[nan]
[1499],[nan]
[1501],[nan]
[1502],[nan]
[1503],[nan]
[1506],[nan]
[1507],[nan]
[1509],[nan]
[1513],[nan]
[1514],[nan]
[1515],[nan]
[1516],[nan]
[1520],[nan]
[1523],[nan]
[1525],[nan]
[1527],[nan]
[1529],[nan]
[1533],[nan]
[1535],[nan]
[1537],[nan]
[1539],[nan]
[1541],[nan]
[1542],[nan]
[1543],[nan]
[1544],[nan]
[1545],[nan]
[1546],[nan]
[1547],[nan]
[1548],[nan]
[1549],[nan]
[1550],[nan]
[1551],[nan]
[1552],[nan]
[1553],[nan]
[1554],[nan]
[1555],[nan]
[1556],[nan]
[1557],[nan]
[1558],[nan]
[1560],[nan]
[1562],[nan]
[1563],[nan]
[1564],[nan]
[1568],[nan]
[1573],[nan]
[1574],[nan]
[1576],[nan]
[1577],[nan]
[1578],[nan]
[1580],[nan]
[1581],[nan]
[1582],[nan]
[1583],[nan]
[1585],[nan]
[1586],[nan]
[1587],[nan]
[1588],[nan]
[1590],[nan]
[1591],[nan]
[1592],[nan]
[1594],[nan]
[1595],[nan]
[1596],[nan]
[1597],[nan]
[1598],[nan]
[1599],[nan]
[1601],[nan]
[1602],[nan]
[1605],[nan]
[1606],[nan]
[1607],[nan]
[1608],[nan]
[1609],[nan]
[1611],[nan]
[1612],[nan]
[1613],[nan]
[1614],[nan]
[1615],[nan]
[1617],[nan]
[1618],[nan]
[1619],[nan]
[1621],[nan]
[1622],[nan]
[1623],[nan]
[1625],[nan]
[1627],[nan]
[1628],[nan]
[1630],[nan]
[1631],[nan]
[1633],[nan]
[1635],[nan]
[1638],[nan]
[1639],[nan]
[1640],[nan]
[1641],[nan]
[1642],[nan]
[1644],[nan]
[1645],[nan]
[1646],[nan]
[1647],[nan]
[1648],[nan]
[1650],[nan]
[1651],[nan]
[1653],[nan]
[1654],[nan]
[1655],[nan]
[1656],[nan]
[1657],[nan]
[1658],[nan]
[1659],[nan]
[1661],[nan]
[1662],[nan]
[1664],[nan]
[1665],[nan]
[1666],[nan]
[1667],[nan]
[1668],[nan]
[1669],[nan]
[1670],[nan]
[1671],[nan]
[1673],[nan]
[1674],[nan]
[1675],[nan]
[1676],[nan]
[1677],[nan]
[1678],[nan]
[1680],[nan]
[1681],[nan]
[1682],[nan]
[1683],[nan]
[1687],[nan]
[1689],[nan]
[1693],[nan]
[1694],[nan]
[1696],[nan]
[1697],[nan]
[1698],[nan]
[1700],[nan]
[1701],[nan]
[1703],[nan]
[1704],[nan]
[1706],[nan]
[1707],[nan]
[1708],[nan]
[1709],[nan]
[1710],[nan]
[1712],[nan]
[1714],[nan]
[1716],[nan]
[1718],[nan]
[1719],[nan]
[1720],[nan]
[1721],[nan]
[1722],[nan]
[1724],[nan]
[1725],[nan]
[1727],[nan]
[1728],[nan]
[1729],[nan]
[1731],[nan]
[1732],[nan]
[1733],[nan]
[1735],[nan]
[1736],[nan]
[1737],[nan]
[1739],[nan]
[1740],[nan]
[1744],[nan]
[1745],[nan]
[1746],[nan]
[1749],[nan]
[1751],[nan]
[1753],[nan]
[1754],[nan]
[1755],[nan]
[1756],[nan]
[1757],[nan]
[1760],[nan]
[1762],[nan]
[1763],[nan]
[1764],[nan]
[1766],[nan]
[1768],[nan]
[1770],[nan]
[1771],[nan]
[1772],[nan]
[1774],[nan]
[1775],[nan]
[1778],[nan]
[1779],[nan]
[1782],[nan]
[1784],[nan]
[1786],[nan]
[1787],[nan]
[1789],[nan]
[1790],[nan]
[1794],[nan]
[1797],[nan]
[1798],[nan]
[1799],[nan]
[1800],[nan]
[1801],[nan]
[1802],[nan]
[1803],[nan]
[1804],[nan]
[1805],[nan]
[1807],[nan]
[1809],[nan]
[1812],[nan]
[1813],[nan]
[1814],[nan]
[1815],[nan]
[1816],[nan]
[1821],[nan]
[1822],[nan]
[1823],[nan]
[1824],[nan]
[1826],[nan]
[1827],[nan]
[1829],[nan]
[1830],[nan]
[1833],[nan]
[1834],[nan]
[1835],[nan]
[1836],[nan]
[1837],[nan]
[1839],[nan]
[1842],[nan]
[1845],[nan]
[1847],[nan]
[1849],[nan]
[1850],[nan]
[1852],[nan]
[1853],[nan]
[1854],[nan]
[1856],[nan]
[1857],[nan]
[1858],[nan]
[1859],[nan]
[1860],[nan]
[1863],[nan]
[1864],[nan]
[1865],[nan]
[1866],[nan]
[1867],[nan]
[1869],[nan]
[1870],[nan]
[1871],[nan]
[1873],[nan]
[1875],[nan]
[1880],[nan]
[1881],[nan]
[1882],[nan]
[1883],[nan]
[1885],[nan]
[1886],[nan]
[1888],[nan]
[1890],[nan]
[1892],[nan]
[1893],[nan]
[1898],[nan]
[1900],[nan]
[1903],[nan]
[1907],[nan]
[1908],[nan]
[1909],[nan]
[1911],[nan]
[1912],[nan]
[1915],[nan]
[1916],[nan]
[1918],[nan]
[1922],[nan]
[1924],[nan]
[1927],[nan]
[1929],[nan]
[1931],[nan]
[1932],[nan]
[1934],[nan]
[1935],[nan]
[1936],[nan]
[1937],[nan]
[1938],[nan]
[1940],[nan]
[1941],[nan]
[1943],[nan]
[1945],[nan]
[1947],[nan]
[1948],[nan]
[1949],[nan]
[1950],[nan]
[1951],[nan]
[1952],[nan]
[1954],[nan]
[1955],[nan]
[1956],[nan]
[1960],[nan]
[1961],[nan]
[1962],[nan]
[1965],[nan]
[1966],[nan]
[1968],[nan]
[1969],[nan]
[1970],[nan]
[1971],[nan]
[1972],[nan]
[1973],[nan]
[1974],[nan]
[1975],[nan]
[1976],[nan]
[1979],[nan]
[1980],[nan]
[1981],[nan]
[1982],[nan]
[1985],[nan]
[1986],[nan]
[1987],[nan]
[1989],[nan]
[1992],[nan]
[1993],[nan]
[1994],[nan]
[1995],[nan]
[1996],[nan]
[1997],[nan]
[1998],[nan]
[1999],[nan]
[2000],[nan]
[2003],[nan]
[2007],[nan]
[2008],[nan]
[2009],[nan]
[2010],[nan]
[2012],[nan]
[2013],[nan]
[2014],[nan]
[2015],[nan]
[2016],[nan]
[2017],[nan]
[2018],[nan]
[2019],[nan]
[2020],[nan]
[2021],[nan]
[2022],[nan]
[2024],[nan]
[2025],[nan]
[2026],[nan]
[2031],[nan]
[2032],[nan]
[2034],[nan]
[2035],[nan]
[2036],[nan]
[2037],[nan]
[2038],[nan]
[2040],[nan]
[2041],[nan]
[2044],[nan]
[2045],[nan]
[2046],[nan]
[2048],[nan]
[2049],[nan]
[2051],[nan]
[2052],[nan]
[2053],[nan]
[2054],[nan]
[2055],[nan]
[2056],[nan]
[2057],[nan]
[2060],[nan]
[2061],[nan]
[2062],[nan]
[2064],[nan]
[2065],[nan]
[2068],[nan]
